treatment,rep,chitinase_7_29,protease_7_29,growth_k,growth_n0,growth_r
CommA,1,0.001274417,1689.462147,0.0334043,0.35157833,0.72497831
CommA,2,0.001202516,1698.43349,0.0236009,0.36531429,0.68679847
CommA,3,NA,NA,0.04004249,0.26213927,0.64741364
CommB,1,0.023088022,1293.530796,0.04291832,0.42866293,0.70841607
CommB,2,0.019887681,1333.527588,0.06117431,0.32895456,0.70714652
CommB,3,NA,NA,0.04605514,0.34341101,0.70796061
CommC,1,0.005752923,1801.700171,0.01085204,0.56028363,0.61666605
CommC,2,0.005912812,1926.443541,0.03173637,0.48810454,0.67587138
CommC,3,NA,NA,0.06201324,0.32758264,0.74735595